id_transaccion,monto,fecha_hora,tipo,estado,ubicacion,num_cuent_origen,num_cuent_destino,pais_origen,pais_destino,moneda,banco_destino
1373a1ef-cde3-4616-a88c-31a8781af331,612.22,2025-03-01 00:15:00,Retiro,fallida,Ciudad_72,52806167,58540976,País_B,País_A,EUR,Banco Z
9d74cb42-92b7-4c66-ba3e-d6e3928db0b0,180.74,2025-03-01 00:15:00,Compra,exitosa,Ciudad_36,36355685,61044773,País_B,País_B,EUR,Banco Z
24005b30-7041-497d-aa95-29c292d0cf5d,322.04,2025-03-01 00:15:00,Transferencia,exitosa,Ciudad_77,77054855,64571553,País_A,País_A,MXN,Banco Y
8d8cea13-2122-4182-899b-58d30636a112,710.46,2025-03-01 00:15:00,Transferencia,exitosa,Ciudad_41,19473606,62076225,País_A,País_A,EUR,Banco X
04ff4be2-4897-4387-ba57-30e2d5f927ba,335.14,2025-03-01 00:15:00,Transferencia,exitosa,Ciudad_15,25966515,31461770,País_A,País_B,MXN,Banco Z
879f8d6b-5d5d-49fd-bd96-7d954d58ae6a,794.93,2025-03-01 00:15:00,Compra,pendiente,Ciudad_28,92865512,79562535,País_B,País_A,MXN,Banco Y
8613c8a9-41b9-4af5-95b2-6d5ad6cd9610,219.48,2025-03-01 00:15:00,Compra,pendiente,Ciudad_97,45299933,97990846,País_A,País_A,EUR,Banco Z
318bd1ec-7ad8-4a3d-9b93-8b1769fab5de,859.36,2025-03-01 00:15:00,Transferencia,fallida,Ciudad_96,15217064,84694716,País_B,País_B,EUR,Banco X
4bc7db9b-0e18-4aa5-82f4-b70f51d3b9a5,12.68,2025-03-01 00:15:00,Compra,exitosa,Ciudad_71,23107183,79155041,País_A,País_B,USD,Banco Z
b1153377-62f0-4b7a-8066-631bc7b81ab4,689.98,2025-03-01 00:15:00,Transferencia,pendiente,Ciudad_88,63539604,18105948,País_A,País_A,USD,Banco X
ec571371-9661-419c-a189-aca1a5ed09d6,784.52,2025-03-01 00:15:00,Compra,fallida,Ciudad_39,25828502,39802316,País_B,País_A,EUR,Banco Z
ed03de9f-e91f-44e3-a3d0-c6b635649f61,74.65,2025-03-01 00:15:00,Compra,pendiente,Ciudad_5,69693160,53988254,País_A,País_B,EUR,Banco X
2c59c355-5d2f-4849-a85f-bfaefe8abe4b,267.26,2025-03-01 00:15:00,Retiro,fallida,Ciudad_84,68215535,66805051,País_B,País_A,EUR,Banco Z
aab3704e-3155-447d-b207-9a3c841d2d84,391.02,2025-03-01 00:15:00,Transferencia,pendiente,Ciudad_92,85712306,84922223,País_B,País_A,MXN,Banco X
371b3dc0-3d65-48d5-b8b8-4b303194f535,162.36,2025-03-01 00:15:00,Compra,pendiente,Ciudad_10,59518275,67478143,País_A,País_A,MXN,Banco Z
4d80cceb-8ea3-4352-971d-dd6766e6c44b,580.76,2025-03-01 00:15:00,Retiro,pendiente,Ciudad_65,33323550,32572994,País_B,País_A,EUR,Banco X
eed12ee4-3dd1-4bf0-bbdd-f09512417610,117.42,2025-03-01 00:15:00,Transferencia,fallida,Ciudad_84,29342946,15617563,País_B,País_A,USD,Banco Y
e1584388-71e6-42c5-8078-c23c8b4e7cf6,869.25,2025-03-01 00:15:00,Retiro,exitosa,Ciudad_43,92686670,38104470,País_A,País_B,EUR,Banco X
0caff06f-d1c0-476d-a6a9-a518dd9bb6b7,647.05,2025-03-01 00:15:00,Compra,pendiente,Ciudad_2,86455736,47789369,País_B,País_B,EUR,Banco Y
46537959-27e4-474e-9c63-8a99be492347,153.21,2025-03-01 00:15:00,Transferencia,pendiente,Ciudad_31,71952962,88777789,País_B,País_A,MXN,Banco Z
2c5cc2eb-d876-478e-8e9e-fb0e11784559,996.77,2025-03-01 00:15:00,Transferencia,exitosa,Ciudad_57,56769083,92109656,País_B,País_B,MXN,Banco Z
1e58b208-e6c9-45fd-8aa0-e77ba0ff6c8f,313.82,2025-03-01 00:15:00,Transferencia,pendiente,Ciudad_29,57367403,35040242,País_B,País_A,MXN,Banco Y
087b8a88-aeb2-4c5e-89a4-03ace0ca6b18,893.92,2025-03-01 00:15:00,Compra,exitosa,Ciudad_23,80918346,44726273,País_A,País_B,EUR,Banco Y
71442f10-9d00-428c-8bb8-f97f3894fc02,282.55,2025-03-01 00:15:00,Compra,fallida,Ciudad_45,40824030,78872145,País_B,País_A,USD,Banco Y
cb44f673-0040-4e33-b420-820c0e258092,510.72,2025-03-01 00:15:00,Compra,fallida,Ciudad_32,15305996,10148366,País_B,País_B,USD,Banco Y
b5125856-47b5-40c9-96d6-5da0306be8ef,672.02,2025-03-01 00:15:00,Compra,exitosa,Ciudad_97,37453006,76113082,País_B,País_B,MXN,Banco Y
d1212d81-c733-4f6e-8299-71c194fc62a8,46.32,2025-03-01 00:15:00,Compra,exitosa,Ciudad_52,70935659,22448709,País_B,País_B,USD,Banco X
a2a03d22-6704-466f-9369-12ce769ce087,14.79,2025-03-01 00:15:00,Compra,exitosa,Ciudad_46,71089863,63190897,País_A,País_A,EUR,Banco Z
0f3fa489-ed97-463a-b3eb-a1972ed03413,838.25,2025-03-01 00:15:00,Retiro,fallida,Ciudad_41,10481973,22355710,País_A,País_A,MXN,Banco Y
823b645c-0ecb-4009-bb87-e1d7f267939b,594.55,2025-03-01 00:15:00,Compra,pendiente,Ciudad_32,47733955,14629892,País_B,País_A,USD,Banco X
0793b888-d1a9-47fe-8846-3c8a9cc18ef2,608.64,2025-03-01 00:15:00,Transferencia,fallida,Ciudad_83,42057352,45144747,País_B,País_B,USD,Banco Z
c7ff8544-d70a-4608-a53a-c79907a30be5,939.15,2025-03-01 00:15:00,Transferencia,exitosa,Ciudad_87,88997078,78504623,País_B,País_A,EUR,Banco X
a70100d0-9bd2-4c0a-8b2d-f154ad585a65,57.21,2025-03-01 00:15:00,Retiro,pendiente,Ciudad_64,31131299,39711130,País_B,País_B,EUR,Banco Y
d0015388-2249-4adb-89fe-314eea046e9d,904.15,2025-03-01 00:15:00,Transferencia,exitosa,Ciudad_18,44300040,54354869,País_A,País_A,MXN,Banco Z
12c79c30-bd70-409d-8c52-a21a6aae197e,98.89,2025-03-01 00:15:00,Compra,pendiente,Ciudad_41,28208787,84642868,País_A,País_A,EUR,Banco Y
0bdeb73a-582c-48e8-bcb1-b03b94cd2f79,382.66,2025-03-01 00:15:00,Transferencia,fallida,Ciudad_53,97035321,78298943,País_B,País_B,EUR,Banco X
0fcf5428-a5b3-42c7-96f7-b3120f510ebc,366.41,2025-03-01 00:15:00,Compra,exitosa,Ciudad_19,28777378,29665637,País_B,País_A,USD,Banco Y
3b33ab36-240f-43cf-9ab9-444f52bf8ccb,803.82,2025-03-01 00:15:00,Retiro,exitosa,Ciudad_9,76093494,47280639,País_A,País_B,USD,Banco Z
173277b0-0a0f-4666-821b-b45101c27471,507.38,2025-03-01 00:15:00,Compra,fallida,Ciudad_95,50347225,81532588,País_B,País_B,EUR,Banco X
d4f1e60d-9aab-4195-8645-079878d326cf,919.74,2025-03-01 00:15:00,Transferencia,exitosa,Ciudad_84,44724503,83133852,País_A,País_A,USD,Banco Y
eeee8c23-c2b0-4004-86de-9eeedfeac52c,191.15,2025-03-01 00:15:00,Transferencia,pendiente,Ciudad_77,88001900,96669335,País_B,País_B,EUR,Banco X
5ffa4ea3-3e42-41c2-99ab-237f6e74500d,446.49,2025-03-01 00:15:00,Transferencia,fallida,Ciudad_58,69181342,95738230,País_A,País_B,MXN,Banco Y
9e96cfe1-10c3-45d9-95eb-4dd6c880320c,15.45,2025-03-01 00:15:00,Transferencia,pendiente,Ciudad_39,95460855,69143762,País_B,País_A,EUR,Banco Y
da523ffe-6f42-4ba2-b252-6d01437c7091,877.46,2025-03-01 00:15:00,Compra,pendiente,Ciudad_40,79951357,56431882,País_A,País_A,EUR,Banco X
f985a051-616f-494d-9783-57a214f20467,84.03,2025-03-01 00:15:00,Compra,fallida,Ciudad_4,81435704,85827619,País_B,País_A,USD,Banco X
fe491df9-860f-4c26-af03-6df164f85dc3,46.26,2025-03-01 00:15:00,Compra,exitosa,Ciudad_70,89665925,19881613,País_A,País_A,USD,Banco X
ce81d436-6d7f-466b-bcd5-66bcbc9b977d,42.77,2025-03-01 00:15:00,Transferencia,fallida,Ciudad_17,45901632,49028733,País_B,País_A,MXN,Banco X
67f660a3-2f96-4bf4-a4e1-35e2e9ced8ae,547.74,2025-03-01 00:15:00,Transferencia,fallida,Ciudad_25,11509552,96298063,País_B,País_A,USD,Banco Z
b0b6162b-7d3f-4a74-830c-25dafcb60e4f,712.51,2025-03-01 00:15:00,Transferencia,pendiente,Ciudad_62,29938035,28452574,País_B,País_B,USD,Banco X
768daa35-417d-4f24-aebe-b57c59532500,74.52,2025-03-01 00:15:00,Retiro,pendiente,Ciudad_61,62365328,50740058,País_B,País_B,USD,Banco X
bafbab0c-1607-4e46-bc9a-1612b1c8603b,339.85,2025-03-01 00:15:00,Compra,fallida,Ciudad_38,61764136,21183287,País_A,País_B,USD,Banco Z
80de865c-ca61-468c-be23-fd22de3108cd,993.46,2025-03-01 00:15:00,Retiro,exitosa,Ciudad_54,98258216,49504515,País_B,País_B,MXN,Banco X
8afc5042-d2df-4c04-93b2-59f3f25d8171,414.96,2025-03-01 00:15:00,Compra,fallida,Ciudad_89,46022266,36006357,País_B,País_A,MXN,Banco X
aaf7b2f0-190f-4546-964b-990a7cbd2144,651.02,2025-03-01 00:15:00,Retiro,fallida,Ciudad_38,41671199,34882439,País_A,País_A,EUR,Banco X
a91d34fd-5cab-490b-a62b-1d80545cf1d3,585.17,2025-03-01 00:15:00,Transferencia,pendiente,Ciudad_99,71107681,93407134,País_B,País_B,USD,Banco X
d2ddfe8d-815c-47f5-87f9-7b6df972f1b8,56.76,2025-03-01 00:15:00,Retiro,exitosa,Ciudad_11,59595452,71832121,País_B,País_B,EUR,Banco Y
506c135b-2ff4-4ed1-b733-26a9a172c88a,795.83,2025-03-01 00:15:00,Compra,exitosa,Ciudad_28,41262593,50724212,País_A,País_B,USD,Banco Z
03558f6f-3d82-4e9b-826e-52327d02c8b2,567.36,2025-03-01 00:15:00,Transferencia,pendiente,Ciudad_18,81811107,26012723,País_B,País_A,EUR,Banco Y
afc33434-da0d-4c5d-8ec7-2dd8eb54dd67,110.66,2025-03-01 00:15:00,Transferencia,fallida,Ciudad_37,34105251,89175709,País_A,País_A,MXN,Banco X
4f62bd32-2a50-4f00-b08f-be5e21198eee,968.73,2025-03-01 00:15:00,Retiro,pendiente,Ciudad_84,36001104,59017458,País_A,País_B,MXN,Banco X
b47aac7a-b6d3-4f25-ab5f-5e80e56eedf4,886.71,2025-03-01 00:15:00,Transferencia,exitosa,Ciudad_78,64363210,64816117,País_A,País_B,USD,Banco X
3997be29-ce39-4aba-84af-7191f2cd94d3,574.8,2025-03-01 00:15:00,Transferencia,pendiente,Ciudad_10,12828039,42144914,País_A,País_A,USD,Banco X
453a2b47-8659-4549-8fbc-4bd452fe8a4c,853.01,2025-03-01 00:15:00,Retiro,fallida,Ciudad_6,76666476,68346814,País_A,País_B,USD,Banco X
8b46c94b-3941-4301-9315-7f238de3a902,304.6,2025-03-01 00:15:00,Transferencia,fallida,Ciudad_48,25996923,67596602,País_B,País_A,MXN,Banco X
521a12a6-f5ad-4c92-be9e-92a5bf700279,277.0,2025-03-01 00:15:00,Retiro,fallida,Ciudad_17,73996430,12093312,País_A,País_A,EUR,Banco Y
666610a6-4359-4afb-8488-0fb3c705380e,364.89,2025-03-01 00:15:00,Compra,fallida,Ciudad_65,37081382,55310103,País_B,País_B,MXN,Banco Y
663b3102-034f-462a-a80d-10f9a970118c,428.59,2025-03-01 00:15:00,Transferencia,fallida,Ciudad_8,80467763,34949305,País_A,País_A,EUR,Banco Z
5ff6e0d9-5033-4c25-a63a-3974c8ae15d0,299.29,2025-03-01 00:15:00,Transferencia,fallida,Ciudad_16,69383289,53191103,País_B,País_B,EUR,Banco Z
9ff973c5-3135-47ab-b33e-91d7350f5559,130.92,2025-03-01 00:15:00,Retiro,pendiente,Ciudad_44,50497164,92194034,País_B,País_B,EUR,Banco X
1bca66a2-04bb-40ac-812f-19db6bee3e7d,482.43,2025-03-01 00:15:00,Retiro,fallida,Ciudad_72,43947683,93700728,País_B,País_B,MXN,Banco Y
f411a97e-fc66-4cef-a765-6d2d008e78c3,78.65,2025-03-01 00:15:00,Compra,exitosa,Ciudad_87,70163319,11150255,País_B,País_B,EUR,Banco Z
e18006b3-91b4-46f1-ab0c-612f813eeb3a,901.49,2025-03-01 00:15:00,Retiro,exitosa,Ciudad_75,12796519,57320269,País_B,País_B,EUR,Banco Y
4c5184e2-7acf-473a-ad7f-f946e1248204,886.12,2025-03-01 00:15:00,Retiro,pendiente,Ciudad_92,43023990,75533594,País_B,País_A,USD,Banco Y
82fc82eb-3a26-499f-97b1-0d84355e8548,314.89,2025-03-01 00:15:00,Transferencia,exitosa,Ciudad_71,42589153,89468839,País_B,País_B,MXN,Banco Y
21446f7d-d000-425c-a173-d737412f5994,269.16,2025-03-01 00:15:00,Retiro,pendiente,Ciudad_6,86936912,61604896,País_B,País_B,MXN,Banco Z
1ca129c2-1177-44c3-b72c-adf2dd32c1e4,86.24,2025-03-01 00:15:00,Compra,exitosa,Ciudad_100,77306066,49896269,País_A,País_B,EUR,Banco X
07875280-f9e8-4843-ba6f-7c16b2672499,368.39,2025-03-01 00:15:00,Transferencia,fallida,Ciudad_88,72920707,18356342,País_A,País_A,USD,Banco X
f60ef5ab-1813-4a2d-bdef-a72eeabae97b,547.54,2025-03-01 00:15:00,Transferencia,exitosa,Ciudad_26,49261770,24376543,País_A,País_B,MXN,Banco Z
6bf19704-8eaf-4770-b7a5-2e11092da3bc,775.99,2025-03-01 00:15:00,Retiro,pendiente,Ciudad_4,17744329,31340394,País_A,País_B,MXN,Banco X
fa938122-6d79-4dc1-bf36-99f070aa8a36,541.29,2025-03-01 00:15:00,Retiro,exitosa,Ciudad_96,33086110,25456418,País_A,País_B,USD,Banco Y
ea8a2d8e-9bac-49ac-9cb0-6e62b05bf302,147.82,2025-03-01 00:15:00,Compra,fallida,Ciudad_69,91241982,22519283,País_A,País_A,USD,Banco X
ca2dcadd-baba-4449-9f8a-37f89ec1d2d3,911.47,2025-03-01 00:15:00,Retiro,pendiente,Ciudad_3,43529608,63211504,País_B,País_A,EUR,Banco Z
2466176b-3af5-451f-8db0-dd86f65caa38,891.52,2025-03-01 00:15:00,Retiro,fallida,Ciudad_100,91973181,61297077,País_B,País_A,USD,Banco X
aae4862f-65ab-4dba-b75e-6b60b842ba00,427.6,2025-03-01 00:15:00,Transferencia,pendiente,Ciudad_18,97095755,91595167,País_A,País_A,MXN,Banco Z
6cc35795-7e83-4454-9c75-6ca394668b28,659.82,2025-03-01 00:15:00,Compra,pendiente,Ciudad_4,98923660,46708758,País_B,País_A,MXN,Banco Z
f084edaa-dc18-46e6-a797-55bdcdfbd500,287.23,2025-03-01 00:15:00,Transferencia,pendiente,Ciudad_80,10016994,63092873,País_A,País_A,EUR,Banco Y
babee092-0bf7-47f0-92d3-8900b3fbd53d,521.24,2025-03-01 00:15:00,Retiro,exitosa,Ciudad_10,13164036,28841968,País_A,País_A,EUR,Banco Z
6b51311b-44d9-4a7e-b2f3-d4c9e3f65cbf,901.99,2025-03-01 00:15:00,Compra,exitosa,Ciudad_59,12240379,54132744,País_A,País_B,USD,Banco Z
4bde6b47-bba4-4a79-92d6-085e8d7eab04,966.98,2025-03-01 00:15:00,Compra,fallida,Ciudad_39,29866412,84940302,País_A,País_B,USD,Banco Y
ff0a6c12-d18b-4b73-8ec5-389d3a26dd1c,458.86,2025-03-01 00:15:00,Transferencia,pendiente,Ciudad_16,90021554,25216025,País_B,País_B,USD,Banco Y
712e76c1-5be0-41a5-8833-bd5b3b0c7222,38.75,2025-03-01 00:15:00,Retiro,fallida,Ciudad_65,65619476,65726923,País_A,País_B,USD,Banco Y
ceba51f7-63b1-42df-a291-1cf8c95d9809,434.12,2025-03-01 00:15:00,Compra,pendiente,Ciudad_1,78067949,54890216,País_B,País_B,EUR,Banco X
e3bd1a97-4f7f-49c1-96f9-1917a22155b1,650.63,2025-03-01 00:15:00,Retiro,pendiente,Ciudad_99,32788453,98385728,País_A,País_B,MXN,Banco X
5e1df1f0-2008-42a2-9253-fd28f0db062d,59.06,2025-03-01 00:15:00,Transferencia,fallida,Ciudad_48,25310716,20370310,País_B,País_B,MXN,Banco X
1f27944b-408d-4401-b42a-23557491f329,849.1,2025-03-01 00:15:00,Retiro,fallida,Ciudad_3,19001934,43241196,País_B,País_B,EUR,Banco Z
b89467c2-682a-4c9e-8422-eafe683b5c86,557.36,2025-03-01 00:15:00,Transferencia,exitosa,Ciudad_78,86808944,96184768,País_B,País_B,EUR,Banco X
53a5203e-9b45-4b9c-b1e9-16a7c3b7cfc0,874.85,2025-03-01 00:15:00,Transferencia,exitosa,Ciudad_99,48315015,35267554,País_A,País_A,USD,Banco X
e8506865-7144-49e6-9852-79ae9480a920,48.1,2025-03-01 00:15:00,Retiro,pendiente,Ciudad_54,54630502,24163079,País_A,País_A,EUR,Banco Y
b0897c7c-247c-41ff-939c-5450a6c1960e,530.92,2025-03-01 00:15:00,Compra,pendiente,Ciudad_2,41907690,87738726,País_A,País_B,MXN,Banco X
44ec82aa-4668-41d8-94eb-f17de116b09d,860.51,2025-03-01 00:15:00,Retiro,fallida,Ciudad_58,89123895,93395141,País_A,País_A,USD,Banco X
b85e48b8-e746-42b6-b80a-fff84b27e9a2,864.34,2025-03-01 00:15:00,Compra,fallida,Ciudad_54,25998524,87868872,País_B,País_A,USD,Banco X
26ad064f-6fa8-46dd-b137-2207ade11907,511.73,2025-03-01 00:15:00,Transferencia,pendiente,Ciudad_52,97852810,66452276,País_B,País_B,MXN,Banco Y
301fe273-bb75-46fd-a1e1-17e20ea29be7,370.86,2025-03-01 00:15:00,Compra,fallida,Ciudad_66,18291661,55116559,País_A,País_A,EUR,Banco Y
d8f6f558-1bf8-439d-86e8-44d6fe7e18aa,129.73,2025-03-01 00:15:00,Retiro,exitosa,Ciudad_72,33484821,86190908,País_B,País_B,EUR,Banco Z
2359a7dc-f37a-4efd-a65f-1d8ac0308319,790.7,2025-03-01 00:15:00,Compra,pendiente,Ciudad_78,57505324,13290810,País_A,País_A,USD,Banco Z
64a52c70-0587-49e9-8e91-fda9ca2baeeb,101.71,2025-03-01 00:15:00,Transferencia,exitosa,Ciudad_30,60785039,71592724,País_A,País_A,MXN,Banco Y
4aefc856-7cb7-4541-a89c-748b7d0bea69,754.09,2025-03-01 00:15:00,Transferencia,exitosa,Ciudad_87,94559224,88890460,País_A,País_B,MXN,Banco Y
f999a5ed-e4e6-4e84-a3b9-8ab927971abc,596.17,2025-03-01 00:15:00,Compra,pendiente,Ciudad_38,27248613,18892087,País_A,País_B,USD,Banco X
e2563a2e-c63d-4dbb-b6e6-45d9f6524993,996.15,2025-03-01 00:15:00,Compra,exitosa,Ciudad_17,94442049,32969297,País_B,País_B,USD,Banco X
c00d987a-6c07-43dc-a97a-838ef8ab6d29,628.64,2025-03-01 00:15:00,Retiro,fallida,Ciudad_97,39348836,64684509,País_A,País_B,EUR,Banco Z
1822ba69-4ad9-4859-8b97-bf257596cfe4,383.13,2025-03-01 00:15:00,Retiro,pendiente,Ciudad_66,56061276,73826787,País_B,País_B,USD,Banco Z
944462be-06b3-4cd4-a1da-acded8b15daf,444.75,2025-03-01 00:15:00,Transferencia,pendiente,Ciudad_89,44284495,83893674,País_A,País_B,MXN,Banco X
8c4ae225-7086-4027-b138-3d6703b0ebff,251.97,2025-03-01 00:15:00,Transferencia,fallida,Ciudad_24,13937438,57328457,País_A,País_A,EUR,Banco Y
36d66b44-dbb9-48d2-a3ed-bce57a568b32,294.28,2025-03-01 00:15:00,Compra,fallida,Ciudad_29,28764726,88718187,País_A,País_A,EUR,Banco X
0e283a41-7963-4033-b120-88e7b8959651,411.21,2025-03-01 00:15:00,Transferencia,fallida,Ciudad_7,78316958,81855716,País_B,País_A,USD,Banco X
82847c9b-5271-4687-9b7c-e99c290c7834,639.1,2025-03-01 00:15:00,Transferencia,exitosa,Ciudad_79,81495535,47239809,País_A,País_A,MXN,Banco X
5191ab57-6adc-4a72-995b-e3f48c7d7823,637.41,2025-03-01 00:15:00,Transferencia,fallida,Ciudad_18,86204471,50685023,País_A,País_B,MXN,Banco Z
63259a4e-7ea6-460a-89cb-cb7eb24dcb14,303.02,2025-03-01 00:15:00,Retiro,pendiente,Ciudad_54,41235062,82065033,País_B,País_B,EUR,Banco Z
97317fb2-7f11-4f6c-84c0-33f6cda48950,15.23,2025-03-01 00:15:00,Transferencia,exitosa,Ciudad_19,46621566,56563326,País_A,País_B,EUR,Banco Y
3235cb18-3d85-48f4-a0cd-9ff28dab0e4f,908.84,2025-03-01 00:15:00,Compra,fallida,Ciudad_71,98495531,90989029,País_A,País_B,USD,Banco Z
6798375c-dc93-4611-9b45-fb3a4533b44d,693.88,2025-03-01 00:15:00,Transferencia,fallida,Ciudad_66,82223752,57871361,País_A,País_A,EUR,Banco Z
e19d7732-f2f2-4e2e-993a-bbef27083d93,198.35,2025-03-01 00:15:00,Compra,exitosa,Ciudad_82,17956780,61377459,País_B,País_B,MXN,Banco Z
e26df71d-ab62-46bd-a4c4-68a4d08bd581,173.84,2025-03-01 00:15:00,Transferencia,pendiente,Ciudad_12,76927324,52779769,País_B,País_B,EUR,Banco Z
69f89c9f-e918-49fb-ab82-4bc2f0ddc26a,545.56,2025-03-01 00:15:00,Retiro,pendiente,Ciudad_55,26092698,36663309,País_B,País_A,USD,Banco Y
ebcec293-6541-4658-94f1-85108b5e737e,423.1,2025-03-01 00:15:00,Compra,exitosa,Ciudad_73,40335721,90648319,País_B,País_A,USD,Banco Z
2579a7e7-4f1a-45f8-9e84-f22c2e600c1c,541.54,2025-03-01 00:15:00,Transferencia,exitosa,Ciudad_92,33052840,93010724,País_A,País_A,USD,Banco Z
ad74ad01-f774-490e-98a4-23f970e9480c,459.58,2025-03-01 00:15:00,Retiro,exitosa,Ciudad_98,87001708,93635451,País_A,País_B,USD,Banco Y
61d9dcc2-f6c2-419d-9bcb-612ecdcc0fec,296.11,2025-03-01 00:15:00,Compra,exitosa,Ciudad_10,66182985,84792771,País_A,País_A,EUR,Banco Z
32d5f97b-1698-4836-b8d5-91edb1829811,515.83,2025-03-01 00:15:00,Retiro,exitosa,Ciudad_49,85083831,29788383,País_B,País_B,EUR,Banco X
d030c42e-7acf-45c7-8e6b-d7d6dace3435,354.94,2025-03-01 00:15:00,Retiro,fallida,Ciudad_67,57766382,72202402,País_B,País_A,EUR,Banco Z
eca7baf1-6348-4e2a-babb-77ffe796875c,680.61,2025-03-01 00:15:00,Transferencia,pendiente,Ciudad_87,16295676,48788344,País_B,País_A,MXN,Banco Z
bb320369-afb8-4ea6-a871-25bb689a233b,717.28,2025-03-01 00:15:00,Compra,pendiente,Ciudad_44,98115291,31359178,País_B,País_B,EUR,Banco X
ef0b1b00-bd18-4fb0-a1c3-db68a57a0b49,945.36,2025-03-01 00:15:00,Retiro,fallida,Ciudad_9,39223444,66296317,País_B,País_B,EUR,Banco Y
2cc0b202-e5a2-41f8-a373-06173f5b6ecf,67.12,2025-03-01 00:15:00,Compra,exitosa,Ciudad_7,75149663,38508591,País_A,País_A,MXN,Banco Z
f4eced05-d5b0-4731-b701-03d0fb0169ff,912.76,2025-03-01 00:15:00,Transferencia,exitosa,Ciudad_72,24080719,25525596,País_A,País_A,EUR,Banco Z
059db2ab-53b4-4bf2-a921-f1cef3add68c,558.85,2025-03-01 00:15:00,Compra,pendiente,Ciudad_44,71324190,34592523,País_B,País_A,EUR,Banco Y
61e76992-e602-4453-983a-46c4fa3cea5c,818.92,2025-03-01 00:15:00,Transferencia,exitosa,Ciudad_57,24881645,19588932,País_A,País_A,EUR,Banco X
5ac4a9db-ad42-4e9b-b38e-03e30a3ee998,193.74,2025-03-01 00:15:00,Retiro,fallida,Ciudad_64,98593631,64287774,País_B,País_A,USD,Banco Z
0923fb4b-cdd6-474b-9b49-b470613745dd,604.13,2025-03-01 00:15:00,Transferencia,exitosa,Ciudad_18,91195461,17705398,País_A,País_B,MXN,Banco Z
42d204b2-1614-4c99-bf31-2d7ab9813169,996.03,2025-03-01 00:15:00,Retiro,fallida,Ciudad_93,33577349,69927236,País_B,País_B,MXN,Banco Y
54e37d51-e5be-4812-8bce-175e886655e1,489.32,2025-03-01 00:15:00,Transferencia,exitosa,Ciudad_3,69687580,42636819,País_A,País_A,MXN,Banco Z
93c2de73-5836-45e3-8659-4f4781249178,550.14,2025-03-01 00:15:00,Compra,pendiente,Ciudad_66,43689110,87577523,País_A,País_A,USD,Banco Z
860f8c54-1ee9-47e2-a1ba-9542368e9e72,821.33,2025-03-01 00:15:00,Retiro,fallida,Ciudad_56,36141629,11271194,País_A,País_B,MXN,Banco X
0e9af16b-eb6e-4afc-865e-655bf95abfb1,484.83,2025-03-01 00:15:00,Transferencia,pendiente,Ciudad_38,65680499,37035236,País_B,País_A,EUR,Banco Z
59e8ecd9-4621-47d6-80ea-a4d204642b93,843.85,2025-03-01 00:15:00,Retiro,pendiente,Ciudad_90,59519096,31973228,País_B,País_A,MXN,Banco X
422c96e2-4045-4f71-8ab9-a77d1c4183d6,138.71,2025-03-01 00:15:00,Transferencia,pendiente,Ciudad_82,26546682,34496251,País_B,País_B,EUR,Banco X
ea169b33-9653-40ab-b0d7-b9805aa72bb5,398.76,2025-03-01 00:15:00,Retiro,exitosa,Ciudad_90,11601222,26596657,País_A,País_A,USD,Banco Y
2d6c8400-2aab-4a11-80d5-56f0f26a0afa,304.03,2025-03-01 00:15:00,Transferencia,fallida,Ciudad_49,34831480,31595800,País_B,País_A,USD,Banco Z
18032e0d-f9d9-4899-b14b-dc53dc8e93f2,23.93,2025-03-01 00:15:00,Compra,fallida,Ciudad_92,93730168,83737037,País_A,País_B,MXN,Banco Z
5f4c043f-737a-42b5-b55c-293231ff3dab,666.18,2025-03-01 00:15:00,Retiro,exitosa,Ciudad_42,58015709,60356254,País_B,País_B,USD,Banco Z
26e2f8bb-b0b7-4f4d-b47a-02f157c53840,876.2,2025-03-01 00:15:00,Retiro,fallida,Ciudad_3,50178579,58914642,País_B,País_A,EUR,Banco X
828951be-15a8-4f7d-9864-cd24142ba7cf,156.44,2025-03-01 00:15:00,Retiro,exitosa,Ciudad_73,61654527,57081890,País_B,País_A,MXN,Banco Z
5d9d1228-c419-44df-9705-ff6e82c68ad4,941.24,2025-03-01 00:15:00,Compra,fallida,Ciudad_52,74359811,25029292,País_B,País_B,USD,Banco X
b3852975-ad74-451f-b9b8-39beae57408b,859.22,2025-03-01 00:15:00,Transferencia,exitosa,Ciudad_78,41247726,29289660,País_B,País_A,EUR,Banco Y
fae248ee-bd35-45ee-8e91-bfd9601d0a7c,256.36,2025-03-01 00:15:00,Compra,fallida,Ciudad_6,37368217,42681866,País_B,País_B,EUR,Banco Z
1abb908f-2c10-4738-8b69-b085a927d6ae,727.9,2025-03-01 00:15:00,Retiro,pendiente,Ciudad_7,23544377,31919636,País_A,País_A,MXN,Banco Y
cd6984bd-dee8-4c4b-b9d2-eeb444f460c9,542.62,2025-03-01 00:15:00,Compra,exitosa,Ciudad_89,77252086,59213591,País_A,País_A,MXN,Banco X
187d7ff2-da8a-4527-baf8-da4adbd6b7b2,927.81,2025-03-01 00:15:00,Retiro,fallida,Ciudad_59,64492149,44980441,País_B,País_B,USD,Banco Z
7dcd96b8-48e0-4342-bf94-bde0188f1e7f,250.05,2025-03-01 00:15:00,Retiro,exitosa,Ciudad_53,37439567,17714064,País_B,País_B,MXN,Banco Z
7337c126-35c2-4824-9448-33aeb8bea43b,365.83,2025-03-01 00:15:00,Transferencia,fallida,Ciudad_54,90928248,37453620,País_A,País_B,MXN,Banco X
efa013e6-ea4a-41d2-9010-4e8275c24f82,397.2,2025-03-01 00:15:00,Compra,exitosa,Ciudad_9,42347483,50780834,País_A,País_B,MXN,Banco X
db91c244-7276-495a-8aad-e1b3c2c4be86,679.54,2025-03-01 00:15:00,Retiro,pendiente,Ciudad_20,51535407,51003140,País_A,País_A,MXN,Banco Y
626e1991-a21c-4ba3-adfd-56aca60e9ba8,454.39,2025-03-01 00:15:00,Transferencia,exitosa,Ciudad_76,78627705,74392455,País_B,País_A,USD,Banco Y
df2a689a-1bce-41f3-af32-6fc7549131b3,705.65,2025-03-01 00:15:00,Retiro,pendiente,Ciudad_8,99662147,80303681,País_B,País_A,MXN,Banco Z
462ea26f-57a3-4385-b2b1-573152daa3a7,413.43,2025-03-01 00:15:00,Compra,pendiente,Ciudad_85,41105442,34304136,País_B,País_A,MXN,Banco Y
b82dbefe-6143-479f-bc47-a3c3fac4b4ad,255.91,2025-03-01 00:15:00,Retiro,fallida,Ciudad_40,88859536,57288544,País_B,País_A,USD,Banco X
62b124ab-f763-4fc4-928b-df6e7ea7d5fc,692.79,2025-03-01 00:15:00,Retiro,pendiente,Ciudad_61,69775951,35002836,País_A,País_B,USD,Banco Y
dcf34014-e8b0-4cbe-b98f-bdac90f93030,468.38,2025-03-01 00:15:00,Compra,exitosa,Ciudad_91,64694541,36669609,País_A,País_B,MXN,Banco X
22acabed-ba48-40cc-a522-edef93296ab5,553.33,2025-03-01 00:15:00,Compra,pendiente,Ciudad_71,48853198,12521793,País_A,País_B,EUR,Banco X
a29d7d74-1521-444c-8388-7c342dc73daf,170.26,2025-03-01 00:15:00,Compra,pendiente,Ciudad_89,28822109,14216086,País_A,País_A,EUR,Banco Y
be494100-8514-4e5d-8d3e-fa3b8d48d69d,672.28,2025-03-01 00:15:00,Retiro,pendiente,Ciudad_77,79309776,21067262,País_B,País_B,USD,Banco X
5f222ac2-1eef-4082-a626-22b1ee820658,463.9,2025-03-01 00:15:00,Compra,fallida,Ciudad_55,38792454,30103157,País_B,País_A,MXN,Banco Z
dea157eb-df9a-4118-a004-c6e209e129fb,408.16,2025-03-01 00:15:00,Compra,pendiente,Ciudad_9,13200381,81385451,País_B,País_A,MXN,Banco Z
898a11c8-b5f5-4be2-a8c6-381adfb3ec00,968.94,2025-03-01 00:15:00,Compra,fallida,Ciudad_27,22874295,87108577,País_B,País_A,EUR,Banco Y
f0e312ee-6a29-4584-b6d5-2d7bf724f16a,661.94,2025-03-01 00:15:00,Compra,fallida,Ciudad_24,40842567,76001992,País_A,País_A,USD,Banco Z
1e9238bf-02a0-433e-95fe-3e19b589e2c8,704.23,2025-03-01 00:15:00,Retiro,pendiente,Ciudad_76,94833959,99348834,País_A,País_B,EUR,Banco Z
2e731152-a6d3-4f77-b00b-ec32164f228c,755.34,2025-03-01 00:15:00,Transferencia,fallida,Ciudad_14,11278958,84794343,País_A,País_A,MXN,Banco X
e3963fbf-d927-4936-a346-d76ce063600b,505.33,2025-03-01 00:15:00,Retiro,exitosa,Ciudad_72,39991383,64612746,País_B,País_B,EUR,Banco Z
e410c33a-6615-4630-9563-caf7fd723353,340.46,2025-03-01 00:15:00,Retiro,pendiente,Ciudad_73,91466000,10319070,País_B,País_A,EUR,Banco X
469be64c-6ef0-477e-8d2f-74cfda33e730,455.81,2025-03-01 00:15:00,Retiro,exitosa,Ciudad_63,59556159,99363402,País_B,País_A,USD,Banco Y
dfc62813-e77b-46b9-9a1e-155d9a24a0eb,539.8,2025-03-01 00:15:00,Transferencia,fallida,Ciudad_76,47923715,93369934,País_B,País_A,EUR,Banco X
a2251a92-351b-462c-86c4-bc9884ba1d2d,126.03,2025-03-01 00:15:00,Compra,pendiente,Ciudad_94,77600340,12167006,País_A,País_A,MXN,Banco Z
18a786cf-8bce-4448-9ca1-13f14c71f9e6,415.6,2025-03-01 00:15:00,Compra,fallida,Ciudad_50,14895570,10432180,País_B,País_A,USD,Banco X
b993436a-5757-49f0-9566-5adfe93c5ebe,286.42,2025-03-01 00:15:00,Compra,fallida,Ciudad_38,61521285,40102222,País_A,País_B,USD,Banco Y
6f928d0f-f3fb-42b0-9c48-776e94c5caf3,786.86,2025-03-01 00:15:00,Compra,exitosa,Ciudad_92,62277808,64693357,País_B,País_B,USD,Banco Z
1d1c641d-fba7-492e-814b-ebd0c6259d8c,941.85,2025-03-01 00:15:00,Retiro,exitosa,Ciudad_55,29831064,46332066,País_B,País_B,EUR,Banco Z
a7061c48-8167-425f-b531-dc56b2b91efb,730.01,2025-03-01 00:15:00,Compra,fallida,Ciudad_10,42623687,53102471,País_A,País_A,EUR,Banco X
aa0363f3-4a40-4b57-9236-6911582624f8,406.91,2025-03-01 00:15:00,Compra,exitosa,Ciudad_78,29052479,34214568,País_A,País_A,EUR,Banco Y
281b459a-7022-48f6-b379-1ad426230594,68.77,2025-03-01 00:15:00,Compra,exitosa,Ciudad_66,79672963,56194285,País_A,País_B,MXN,Banco Y
24bea98b-6ee4-4af5-bfd2-f291456e24de,820.59,2025-03-01 00:15:00,Compra,exitosa,Ciudad_17,28010474,72046007,País_B,País_A,USD,Banco Z
ded418dd-3a21-411c-832c-7119f3747aaf,996.51,2025-03-01 00:15:00,Transferencia,pendiente,Ciudad_48,51354922,67215018,País_A,País_B,MXN,Banco X
cb505042-2444-4247-85a5-08651b8f7d7a,218.35,2025-03-01 00:15:00,Transferencia,exitosa,Ciudad_76,71317913,12442545,País_A,País_A,MXN,Banco Z
1a60388d-10c3-4e4c-ab92-fa52cc5c1c66,797.83,2025-03-01 00:15:00,Retiro,exitosa,Ciudad_68,44016130,20723609,País_A,País_A,MXN,Banco Z
a09ace18-7dbd-41f5-b1a1-27201b28fe01,393.41,2025-03-01 00:15:00,Retiro,pendiente,Ciudad_92,56362111,70237021,País_B,País_B,MXN,Banco Z
0d3586d1-4173-42b9-b713-46011b65f9ac,932.08,2025-03-01 00:15:00,Transferencia,exitosa,Ciudad_24,76179629,91126932,País_B,País_B,EUR,Banco Y
e58bc91c-c20f-4e2b-973e-cab65fa7f884,391.32,2025-03-01 00:15:00,Compra,pendiente,Ciudad_54,19221742,19240659,País_B,País_B,EUR,Banco Y
82b217df-71d1-4577-84f8-151bd539250b,999.05,2025-03-01 00:15:00,Transferencia,fallida,Ciudad_96,99493990,32316577,País_B,País_A,MXN,Banco X
5e40585c-a0a2-4b25-9dd2-14680c809050,624.23,2025-03-01 00:15:00,Transferencia,fallida,Ciudad_90,90960647,86633749,País_B,País_B,USD,Banco Z
308f5aaf-0d31-4954-bb72-82ca33526edc,551.99,2025-03-01 00:15:00,Transferencia,fallida,Ciudad_25,61218109,49306586,País_B,País_B,MXN,Banco X
96913e97-4a24-448f-af94-35ee4ce989df,912.74,2025-03-01 00:15:00,Retiro,fallida,Ciudad_66,47990282,66347766,País_A,País_B,EUR,Banco Y
6875d599-dc24-42cd-b196-df24bb1791c6,165.32,2025-03-01 00:15:00,Retiro,pendiente,Ciudad_17,25683805,26748287,País_A,País_A,USD,Banco Z
0ea5d080-3fbd-4eeb-a758-1b16fa1a5b1c,357.02,2025-03-01 00:15:00,Compra,pendiente,Ciudad_97,99904617,77184029,País_B,País_B,USD,Banco Y
c9a583f8-a22f-481c-923d-472a8d1b93f8,702.99,2025-03-01 00:15:00,Retiro,pendiente,Ciudad_7,33161386,90823244,País_A,País_A,EUR,Banco Y
3bf549c0-ad1b-410e-b389-62e0ce5968d8,707.73,2025-03-01 00:15:00,Compra,pendiente,Ciudad_15,39607877,36041502,País_A,País_B,EUR,Banco Y
62bedafd-9241-4760-95c7-6ed816f4240f,708.32,2025-03-01 00:15:00,Transferencia,exitosa,Ciudad_14,97906684,25783249,País_B,País_A,MXN,Banco Y
62ed6fe8-3152-4892-9b5d-f833a08080a2,342.82,2025-03-01 00:15:00,Compra,exitosa,Ciudad_31,41202155,14029932,País_B,País_B,USD,Banco X
e65b153e-f96a-4023-a877-bcc5b3c627da,621.1,2025-03-01 00:15:00,Retiro,fallida,Ciudad_35,53972445,24637795,País_B,País_A,MXN,Banco Z
3f8f508b-275f-4d11-8bef-6a7d0a9a64aa,174.52,2025-03-01 00:15:00,Compra,pendiente,Ciudad_27,13069556,39239259,País_B,País_B,EUR,Banco X
c03428e7-5e44-45aa-bd6a-abe1631b0bad,161.75,2025-03-01 00:15:00,Transferencia,fallida,Ciudad_90,50360765,35291002,País_A,País_A,USD,Banco Y
c35d3152-c954-4abb-970c-10a426f91165,692.92,2025-03-01 00:15:00,Compra,fallida,Ciudad_80,90181384,32287639,País_A,País_B,USD,Banco Y
de2dfff2-f089-4776-b9ca-dcee38683dfa,888.84,2025-03-01 00:15:00,Compra,fallida,Ciudad_69,20630387,88563587,País_B,País_A,EUR,Banco X
ec00a84b-5293-4bec-9833-6c8af177a709,549.36,2025-03-01 00:15:00,Retiro,fallida,Ciudad_86,66605263,99173452,País_B,País_B,MXN,Banco X
57cec99b-70aa-4f5b-9b11-ea60be4c64f9,693.9,2025-03-01 00:15:00,Compra,fallida,Ciudad_13,37008485,64211708,País_A,País_A,EUR,Banco Z
b6a6259d-862d-47c0-91aa-36263e601c71,300.44,2025-03-01 00:15:00,Retiro,fallida,Ciudad_84,49535369,47950527,País_B,País_B,USD,Banco Z
833bbaa4-b04b-49f8-9fa4-f410f772d210,786.27,2025-03-01 00:15:00,Retiro,pendiente,Ciudad_51,80073632,32958270,País_A,País_A,EUR,Banco X
7c8353fb-9291-4130-b49b-e4a9b9baf9f1,706.72,2025-03-01 00:15:00,Transferencia,pendiente,Ciudad_9,89504731,79960094,País_A,País_A,MXN,Banco Z
a6d2d67b-56c5-4dbf-852e-16a76fc6efa0,898.26,2025-03-01 00:15:00,Transferencia,fallida,Ciudad_38,47872081,76220074,País_A,País_B,MXN,Banco X
d2a09e5e-9f52-4f5e-932f-98418a87f9aa,80.07,2025-03-01 00:15:00,Retiro,pendiente,Ciudad_27,50474171,39358331,País_B,País_B,MXN,Banco X
0e767cc2-72cb-40e0-98de-5e55a10ed682,659.45,2025-03-01 00:15:00,Transferencia,pendiente,Ciudad_46,23394986,66015579,País_A,País_B,MXN,Banco X
aebf91a9-2ad5-4423-b7f9-b38d7cbbcf63,461.35,2025-03-01 00:15:00,Compra,exitosa,Ciudad_57,36722563,43287710,País_A,País_B,EUR,Banco Y
dd082baf-3c45-4597-a2e8-5eb08d6cc496,396.89,2025-03-01 00:15:00,Transferencia,exitosa,Ciudad_63,32656154,19808927,País_A,País_A,MXN,Banco Z
3ddb2fe4-8a92-43e9-9ab3-eae83cb644ae,166.38,2025-03-01 00:15:00,Compra,pendiente,Ciudad_7,29004555,46349662,País_A,País_A,USD,Banco Z
cf886973-d3a4-4e2e-84f1-6ac7694e609c,211.59,2025-03-01 00:15:00,Retiro,pendiente,Ciudad_74,52180011,32420464,País_A,País_B,MXN,Banco X
41abfe27-6bc2-4a57-babd-f83c3b5b59be,695.34,2025-03-01 00:15:00,Compra,exitosa,Ciudad_73,43950788,18274747,País_B,País_B,USD,Banco Y
26950673-0f96-4508-987b-36f9e1e0289c,13.21,2025-03-01 00:15:00,Compra,exitosa,Ciudad_17,10286323,79560281,País_A,País_B,USD,Banco Z
f0da3d14-f80a-4c17-9d2e-45017e588aa8,302.41,2025-03-01 00:15:00,Transferencia,exitosa,Ciudad_93,20500499,11672903,País_A,País_A,EUR,Banco Z
8e58e16c-cf2f-4281-b0d4-188bcef2dec9,396.47,2025-03-01 00:15:00,Compra,exitosa,Ciudad_44,51554521,66899149,País_B,País_A,MXN,Banco X
bc1669aa-0e31-4ada-adc0-1f75bb415274,191.78,2025-03-01 00:15:00,Transferencia,fallida,Ciudad_97,41920141,54912592,País_B,País_A,USD,Banco Z
a0ad19a3-c1e2-41ba-a37b-760a39204451,224.92,2025-03-01 00:15:00,Compra,pendiente,Ciudad_28,57985417,76376543,País_A,País_B,USD,Banco Z
68204526-0032-45c7-b84e-4324cde9e068,54.09,2025-03-01 00:15:00,Compra,fallida,Ciudad_46,13147170,35825941,País_B,País_B,EUR,Banco Z
5f6dd081-43fe-4eb2-a544-e33bc9a1e1e9,929.42,2025-03-01 00:15:00,Retiro,fallida,Ciudad_60,75416655,21338258,País_B,País_A,MXN,Banco Z
d343f06c-e5fe-4e19-9d94-cf5ed52ffee2,692.67,2025-03-01 00:15:00,Retiro,fallida,Ciudad_98,73213646,30722525,País_B,País_A,EUR,Banco Y
ebecfba2-0cd2-458f-8adb-248ce3c7f21f,832.56,2025-03-01 00:15:00,Retiro,pendiente,Ciudad_9,67731499,10989051,País_B,País_B,USD,Banco X
9830f0f2-da98-4a29-9e00-905ee385638b,274.32,2025-03-01 00:15:00,Transferencia,exitosa,Ciudad_59,24473842,76006955,País_A,País_B,USD,Banco X
130b4663-a12a-435e-9e9a-e1dc3fe6db76,995.38,2025-03-01 00:15:00,Transferencia,pendiente,Ciudad_50,89891801,98034171,País_A,País_B,MXN,Banco Y
75cfe318-c3d0-469e-8b35-e0a78929b350,807.29,2025-03-01 00:15:00,Retiro,pendiente,Ciudad_36,16780909,40666898,País_A,País_A,EUR,Banco Z
76e1ff23-2794-4406-b336-81c93914e3db,824.7,2025-03-01 00:15:00,Compra,exitosa,Ciudad_9,67715190,59961256,País_A,País_A,USD,Banco Y
38a92f5d-5835-4848-a7ad-ff63402a8905,166.01,2025-03-01 00:15:00,Transferencia,pendiente,Ciudad_56,42291412,99726377,País_A,País_A,MXN,Banco X
a6260e17-fc70-4ba6-bbbb-1594a6b181d4,964.37,2025-03-01 00:15:00,Compra,pendiente,Ciudad_69,41426919,83114926,País_A,País_B,MXN,Banco Y
7dc3faef-27e5-46f2-b5ba-8e95a6084dc0,270.34,2025-03-01 00:15:00,Transferencia,exitosa,Ciudad_77,74284782,87784832,País_A,País_B,USD,Banco Y
66ef49e0-c10b-4190-bc3b-1be04a308d57,118.05,2025-03-01 00:15:00,Transferencia,exitosa,Ciudad_54,76303638,43833790,País_B,País_B,MXN,Banco Z
2f74a474-dd02-4466-ad1a-a158493f8518,571.43,2025-03-01 00:15:00,Compra,exitosa,Ciudad_82,23748896,96650199,País_A,País_B,USD,Banco Y
e70eb872-77ec-4d58-93fb-bac79e0db6ad,339.99,2025-03-01 00:15:00,Transferencia,exitosa,Ciudad_70,34800216,61585848,País_B,País_A,USD,Banco X
a471b0ff-95e7-4933-94a5-8adb87598cb9,497.17,2025-03-01 00:15:00,Retiro,fallida,Ciudad_24,38089869,86203101,País_B,País_B,USD,Banco X
2872855e-8836-4074-a41e-a6e3e068abca,426.52,2025-03-01 00:15:00,Transferencia,pendiente,Ciudad_6,26387796,22804996,País_B,País_A,MXN,Banco Z
b5d1bb68-55fe-4843-86f7-224a2c60fd2f,388.76,2025-03-01 00:15:00,Compra,exitosa,Ciudad_98,41585610,94788159,País_B,País_B,MXN,Banco Z
0c3b7e2b-dec3-480c-af44-af2b2c2ef429,495.11,2025-03-01 00:15:00,Compra,exitosa,Ciudad_89,95528426,60895039,País_A,País_B,MXN,Banco Y
c653e0ba-e2eb-49ba-8305-56ab14f011f8,400.3,2025-03-01 00:15:00,Transferencia,fallida,Ciudad_58,42833124,91723964,País_A,País_A,MXN,Banco Y
c56ea7f3-31ee-4ae5-ad90-97d3a0b3bf6a,849.16,2025-03-01 00:15:00,Transferencia,pendiente,Ciudad_40,89500682,88755026,País_A,País_B,EUR,Banco Y
291ac4c5-344f-497b-b2a5-54dd1b1d5718,61.91,2025-03-01 00:15:00,Retiro,fallida,Ciudad_37,78284211,52625297,País_A,País_B,EUR,Banco Z
66003550-2d47-48e8-8710-a9d62927e93a,622.72,2025-03-01 00:15:00,Transferencia,pendiente,Ciudad_54,26313428,83157697,País_A,País_B,USD,Banco X
3ed8f53d-f9f9-42ca-afe4-e15c25080a1e,334.62,2025-03-01 00:15:00,Compra,exitosa,Ciudad_22,36667152,85904856,País_A,País_B,MXN,Banco X
32714e20-5eac-4f5f-8b0d-29e558fc23ed,215.34,2025-03-01 00:15:00,Retiro,exitosa,Ciudad_80,83188267,82896806,País_A,País_A,USD,Banco Y
55b08676-55a2-4d93-bb47-fa3cfef48688,452.38,2025-03-01 00:15:00,Retiro,pendiente,Ciudad_23,50813774,12107184,País_A,País_A,EUR,Banco X
1268e49f-5d61-4afb-805d-a8d23fe8066b,594.9,2025-03-01 00:15:00,Transferencia,exitosa,Ciudad_25,77611983,28286345,País_B,País_B,USD,Banco Y
ba68b1c0-11a2-4846-a9d8-882bedaed24c,947.78,2025-03-01 00:15:00,Retiro,pendiente,Ciudad_58,22554680,17228640,País_A,País_B,USD,Banco Z
9e73bc32-01af-4625-b887-1bb286855931,136.82,2025-03-01 00:15:00,Compra,exitosa,Ciudad_88,46507634,62095879,País_A,País_A,EUR,Banco Z
f6de89a8-69e6-4bd2-928e-ece580658601,792.12,2025-03-01 00:15:00,Transferencia,fallida,Ciudad_13,85806231,73519384,País_A,País_B,MXN,Banco Z
4f068a6f-f887-4578-b9fd-b456f02756a1,253.15,2025-03-01 00:15:00,Transferencia,fallida,Ciudad_16,53234607,23185366,País_B,País_B,MXN,Banco Z
f562199d-fc58-481e-9f0d-51afc1be487d,603.38,2025-03-01 00:15:00,Compra,pendiente,Ciudad_41,97061190,31788888,País_A,País_B,MXN,Banco X
85eb3784-2eaa-470f-8b22-61b289c33114,894.28,2025-03-01 00:15:00,Compra,exitosa,Ciudad_14,54409849,29536962,País_B,País_A,MXN,Banco X
ada39ae1-2be8-426a-ac1d-9d76390b7af9,525.64,2025-03-01 00:15:00,Retiro,fallida,Ciudad_24,46337007,53758948,País_A,País_B,EUR,Banco X
5dacda07-ef30-405f-bf17-983272d436ce,375.47,2025-03-01 00:15:00,Compra,exitosa,Ciudad_89,42247393,51051113,País_B,País_A,EUR,Banco Z
84bd0874-f57a-45de-bc56-2c8679b11e8d,726.3,2025-03-01 00:15:00,Retiro,pendiente,Ciudad_42,38847713,57660832,País_A,País_B,EUR,Banco Z
e72a40ee-0989-4848-b832-5331b2ca19a8,702.51,2025-03-01 00:15:00,Transferencia,fallida,Ciudad_75,40169830,48706166,País_A,País_B,USD,Banco X
30b21a7e-d5cc-4044-83ad-ea4a72b44fed,879.47,2025-03-01 00:15:00,Retiro,exitosa,Ciudad_14,88232984,43660933,País_A,País_A,MXN,Banco X
c7c9e1df-97e9-4af2-b33a-bdef1a7a0583,994.28,2025-03-01 00:15:00,Transferencia,fallida,Ciudad_98,25784775,42922378,País_A,País_B,EUR,Banco Z
45df5a6c-0df2-4895-8109-2251537f1859,508.69,2025-03-01 00:15:00,Compra,pendiente,Ciudad_76,37044439,88859072,País_B,País_A,MXN,Banco X
0ff82d7e-ce42-4b7b-b1e2-576f364ceec8,948.22,2025-03-01 00:15:00,Retiro,fallida,Ciudad_90,32114947,31788953,País_A,País_A,EUR,Banco Z
b7735574-d4e0-4872-b899-d3a906f21d86,697.92,2025-03-01 00:15:00,Transferencia,exitosa,Ciudad_31,87293370,66761922,País_A,País_A,USD,Banco Y
e32a8565-396d-47c2-ac37-9e037a0c5e48,487.32,2025-03-01 00:15:00,Retiro,pendiente,Ciudad_33,76300219,69145499,País_A,País_B,EUR,Banco Y
82fcc23a-02a0-430c-b96f-8f579dce19b6,344.58,2025-03-01 00:15:00,Retiro,pendiente,Ciudad_36,73689338,15801841,País_A,País_A,EUR,Banco Z
cc037ada-08c6-4072-81f9-faac00d7000f,288.03,2025-03-01 00:15:00,Compra,exitosa,Ciudad_44,34873610,93876446,País_B,País_B,USD,Banco Y
8cf56e31-328b-4255-892c-c068706678e8,156.93,2025-03-01 00:15:00,Compra,exitosa,Ciudad_61,97630240,91475432,País_A,País_A,USD,Banco X
a9b6bc9d-90ff-457d-9f02-60d1621ac4d8,683.02,2025-03-01 00:15:00,Retiro,fallida,Ciudad_44,97321147,54804803,País_B,País_A,USD,Banco X
e5178cfd-4fa9-4a7c-bb44-2c61ae432285,774.08,2025-03-01 00:15:00,Retiro,pendiente,Ciudad_4,18203846,47789739,País_A,País_A,USD,Banco X
7908a2a8-743a-4a1d-96a7-85723828b0d6,39.1,2025-03-01 00:15:00,Compra,fallida,Ciudad_91,47772515,22215917,País_B,País_B,EUR,Banco Z
42bd9609-30c8-4154-ae13-628ee1f185cd,284.0,2025-03-01 00:15:00,Retiro,pendiente,Ciudad_45,88220189,11196813,País_A,País_A,USD,Banco Y
75d2cce2-9f62-4e51-8d26-faddebe03fe3,839.93,2025-03-01 00:15:00,Retiro,pendiente,Ciudad_45,16512941,12831974,País_B,País_B,USD,Banco X
e62e05ae-5e46-49e0-8490-bbcfc407b4e0,663.81,2025-03-01 00:15:00,Transferencia,fallida,Ciudad_36,66354377,46433669,País_A,País_B,EUR,Banco X
872c62ce-1394-4931-b1d0-4eeb3c14b8d4,498.49,2025-03-01 00:15:00,Retiro,fallida,Ciudad_19,12588599,87947586,País_B,País_B,EUR,Banco Z
211de123-9769-43a5-b875-35796afce9ba,173.79,2025-03-01 00:15:00,Transferencia,fallida,Ciudad_42,93529156,34496855,País_A,País_A,USD,Banco Z
2e67e7c2-85a6-4aea-ba1a-2a14f26d2b37,518.99,2025-03-01 00:15:00,Compra,pendiente,Ciudad_40,98602690,30341161,País_A,País_B,USD,Banco X
6bfcd558-e0a8-41cd-9686-088ced941b08,979.8,2025-03-01 00:15:00,Retiro,fallida,Ciudad_22,66286834,55888629,País_A,País_B,USD,Banco Z
f8011abb-cbc5-4ca9-bade-3ab690a84044,465.84,2025-03-01 00:15:00,Compra,fallida,Ciudad_91,74551641,72110904,País_A,País_A,USD,Banco Y
0256d27e-f833-4253-8430-20c8bd107709,985.5,2025-03-01 00:15:00,Retiro,fallida,Ciudad_12,83418105,26922560,País_A,País_A,EUR,Banco X
b0ae20ca-5357-4e44-8937-91830975acda,446.56,2025-03-01 00:15:00,Transferencia,fallida,Ciudad_92,12606845,71157685,País_B,País_B,MXN,Banco Y
56030d49-9b8f-4483-b8b1-784899a9e183,65.68,2025-03-01 00:15:00,Compra,exitosa,Ciudad_7,86712333,94444183,País_B,País_B,USD,Banco Y
1a9eb263-4e3c-4a18-b87c-47c2c7763203,201.04,2025-03-01 00:15:00,Transferencia,exitosa,Ciudad_19,74453060,69182753,País_A,País_B,EUR,Banco X
13c4d5ff-7a8e-4118-a6a1-bdcef3b2c468,833.0,2025-03-01 00:15:00,Retiro,exitosa,Ciudad_47,29481864,73129867,País_A,País_A,EUR,Banco X
cce1d228-b698-4ad7-90ae-fd9045e95f07,878.41,2025-03-01 00:15:00,Transferencia,pendiente,Ciudad_100,43059483,41454170,País_B,País_A,EUR,Banco Z
80601899-536a-4f56-bb60-d0de676c125c,427.3,2025-03-01 00:15:00,Compra,fallida,Ciudad_92,68471876,78825395,País_B,País_A,MXN,Banco X
55632638-d093-4dee-84af-9ea6256fab11,377.77,2025-03-01 00:15:00,Retiro,exitosa,Ciudad_34,12103019,79703505,País_A,País_B,MXN,Banco X
a6a6df6d-8ac2-46a4-b53e-fedaacf78c3e,177.17,2025-03-01 00:15:00,Transferencia,fallida,Ciudad_31,66345805,14874965,País_B,País_B,USD,Banco X
c316a8fc-9d5e-4260-acc1-d7ec00097936,525.34,2025-03-01 00:15:00,Retiro,pendiente,Ciudad_85,42310407,97164795,País_A,País_B,MXN,Banco Z
ee628562-f012-42fb-a96c-9d0dddc4df06,650.94,2025-03-01 00:15:00,Compra,exitosa,Ciudad_49,38533806,56632214,País_A,País_A,EUR,Banco Z
60f86890-eba4-4b90-a8c5-d61496c86a30,661.79,2025-03-01 00:15:00,Retiro,fallida,Ciudad_25,63809635,34647194,País_B,País_B,USD,Banco X
6cc6d19c-7824-42b9-8288-a4e827fe9496,217.28,2025-03-01 00:15:00,Retiro,fallida,Ciudad_95,27832963,99642998,País_A,País_B,MXN,Banco X
707a4c70-72cc-4d1b-af37-5e782d5378a7,854.97,2025-03-01 00:15:00,Transferencia,fallida,Ciudad_32,86258023,18635007,País_A,País_A,EUR,Banco X
fb6618fa-4c86-4d0b-9879-58d282f740e8,572.66,2025-03-01 00:15:00,Transferencia,pendiente,Ciudad_87,40774864,47702845,País_B,País_B,MXN,Banco Y
cd7da73a-2d39-4795-be53-393d004adc9b,525.81,2025-03-01 00:15:00,Retiro,exitosa,Ciudad_11,52948874,10658087,País_B,País_A,MXN,Banco Z
e1d859fe-dc3f-4090-87c8-a44bf49c48cb,26.74,2025-03-01 00:15:00,Retiro,fallida,Ciudad_61,62328399,34783999,País_A,País_B,USD,Banco X
46b65b31-501b-4b1f-b67f-d4a5afd8126b,820.67,2025-03-01 00:15:00,Retiro,pendiente,Ciudad_77,61415993,96641476,País_B,País_A,EUR,Banco X
d9365a1f-7931-475c-aa67-ed3b0dde7aa8,662.68,2025-03-01 00:15:00,Transferencia,fallida,Ciudad_28,87527126,38396916,País_B,País_B,EUR,Banco Y
1eae14fb-221c-454a-9020-dffa6d7ee698,830.49,2025-03-01 00:15:00,Transferencia,exitosa,Ciudad_71,89063685,43185571,País_A,País_B,USD,Banco Z
8f430f13-7251-4d3d-b40b-0752a1272b94,694.94,2025-03-01 00:15:00,Transferencia,pendiente,Ciudad_29,64301782,97335777,País_A,País_B,MXN,Banco Y
7d413d59-d006-4703-be52-eb527bd93233,394.57,2025-03-01 00:15:00,Compra,pendiente,Ciudad_76,26711748,70790145,País_A,País_B,MXN,Banco Z
60cad6c5-658f-4b9d-ba9c-4c82174f511e,12.25,2025-03-01 00:15:00,Retiro,exitosa,Ciudad_73,14528357,23197819,País_A,País_B,MXN,Banco Y
3e395429-3765-4725-91ea-d1e16134c859,633.05,2025-03-01 00:15:00,Compra,pendiente,Ciudad_27,78990299,96537012,País_B,País_A,USD,Banco Z
87037bb3-7180-4f08-b2b7-b15f2c72ff34,997.56,2025-03-01 00:15:00,Transferencia,pendiente,Ciudad_65,49992762,36256658,País_A,País_A,MXN,Banco Z
26c492da-1cec-4431-a8b0-6eb20a0aa1b7,257.5,2025-03-01 00:15:00,Transferencia,pendiente,Ciudad_18,67873417,63466170,País_A,País_A,USD,Banco Z
eaa30ef5-961f-4656-8b00-0df8612bac5f,445.24,2025-03-01 00:15:00,Retiro,pendiente,Ciudad_56,55362645,96743722,País_B,País_A,EUR,Banco X
6b47b836-ed7f-4552-8a96-682ea49fa8fa,232.36,2025-03-01 00:15:00,Retiro,exitosa,Ciudad_68,76192284,66332686,País_A,País_B,USD,Banco X
d323d544-0ba3-4b50-bfee-f4f65d103e5e,898.69,2025-03-01 00:15:00,Compra,fallida,Ciudad_58,20544754,35499704,País_A,País_A,EUR,Banco X
445256fe-cd93-46ac-8ad3-a334b98defab,836.71,2025-03-01 00:15:00,Compra,exitosa,Ciudad_72,41985341,63038000,País_B,País_B,MXN,Banco Y
76bcff45-4899-489d-95a3-35cb2fe7822b,482.42,2025-03-01 00:15:00,Compra,exitosa,Ciudad_77,36668342,21507000,País_B,País_B,MXN,Banco Y
d3a571d8-0874-459a-b3a8-6d2b759286cf,672.83,2025-03-01 00:15:00,Compra,fallida,Ciudad_12,13013001,91034382,País_B,País_B,MXN,Banco X
81bc7dfd-370a-420a-b8ad-06f00954f677,39.83,2025-03-01 00:15:00,Compra,pendiente,Ciudad_80,37480196,33395626,País_B,País_B,EUR,Banco X
088d5449-45d8-454a-b438-07a09b904f68,292.59,2025-03-01 00:15:00,Compra,fallida,Ciudad_90,23721381,97668546,País_B,País_B,USD,Banco Y
162f1ef2-6745-4876-8899-9f7a1fab5a1c,482.17,2025-03-01 00:15:00,Transferencia,exitosa,Ciudad_18,34183214,29697995,País_A,País_B,MXN,Banco X
1da01754-aafc-49b4-8cd6-872de2d0fb2a,828.42,2025-03-01 00:15:00,Transferencia,pendiente,Ciudad_42,71551803,75928736,País_A,País_B,USD,Banco Y
00daa7cc-d167-4da2-9b29-4bdd3d229933,192.81,2025-03-01 00:15:00,Retiro,pendiente,Ciudad_48,42323740,42506571,País_B,País_B,EUR,Banco Y
987b985c-941d-4756-99a9-7d6fb207d8c4,506.71,2025-03-01 00:15:00,Retiro,fallida,Ciudad_60,80580973,10396023,País_B,País_A,USD,Banco Z
58457080-cbca-47e3-afae-f718fb29264e,620.27,2025-03-01 00:15:00,Transferencia,pendiente,Ciudad_9,93164467,41090941,País_B,País_A,MXN,Banco X
5dd16072-e871-40e9-bae1-df1867ed9955,407.45,2025-03-01 00:15:00,Transferencia,exitosa,Ciudad_9,25462111,43920839,País_A,País_A,USD,Banco X
38b45caa-5c9f-47f3-b609-ffd87852b719,964.33,2025-03-01 00:15:00,Compra,pendiente,Ciudad_58,11482121,97139870,País_A,País_A,MXN,Banco X
ba6c60b0-9de0-45ec-ab60-8af1d57411fc,743.93,2025-03-01 00:15:00,Compra,pendiente,Ciudad_30,92997053,30630041,País_B,País_A,MXN,Banco X
75355468-5090-41f0-9ef5-cd86871eee02,768.62,2025-03-01 00:15:00,Transferencia,fallida,Ciudad_92,35683924,22996735,País_B,País_A,USD,Banco X
fb7cd840-210a-4282-9281-f6829848ceea,61.39,2025-03-01 00:15:00,Retiro,exitosa,Ciudad_25,52514220,61314231,País_B,País_A,EUR,Banco X
2d8004f9-9629-4ca3-9cfb-31faeee41f6f,720.42,2025-03-01 00:15:00,Compra,pendiente,Ciudad_93,83917918,78942015,País_A,País_A,EUR,Banco X
26bdee65-87d8-4f49-ba9c-83d0820f8029,883.64,2025-03-01 00:15:00,Transferencia,exitosa,Ciudad_54,90386410,79143347,País_B,País_B,EUR,Banco Z
7742bb64-1fa5-4f47-95cc-6a9e819d8e2e,855.16,2025-03-01 00:15:00,Compra,exitosa,Ciudad_94,57193583,15261531,País_A,País_B,USD,Banco Y
4898f5ae-e9d8-4664-97d1-1a735ab9381e,948.11,2025-03-01 00:15:00,Retiro,fallida,Ciudad_20,20369064,99393028,País_A,País_A,MXN,Banco Y
ba50f9e2-dda0-45cf-b946-f2f1ba231bb5,780.63,2025-03-01 00:15:00,Transferencia,fallida,Ciudad_54,71701568,80177841,País_B,País_B,USD,Banco Z
d8701c03-865c-4ce9-ba2b-bb8c7b322d12,878.57,2025-03-01 00:15:00,Transferencia,pendiente,Ciudad_61,29613703,99497984,País_A,País_B,MXN,Banco Z
26618e65-097b-410f-8337-c7149305f1dc,679.62,2025-03-01 00:15:00,Retiro,fallida,Ciudad_9,35890328,29826283,País_A,País_A,MXN,Banco Z
c461540c-acfe-4ebb-9438-9488e05def54,933.23,2025-03-01 00:15:00,Compra,exitosa,Ciudad_13,47617330,40678034,País_A,País_B,MXN,Banco X
07801c2d-b9e4-4bb0-91fc-96e92d3104c1,572.19,2025-03-01 00:15:00,Retiro,fallida,Ciudad_33,33038700,32030684,País_A,País_B,USD,Banco X
4e88be2d-990e-4364-a2c2-1f1f1164457a,888.83,2025-03-01 00:15:00,Transferencia,exitosa,Ciudad_94,15555606,11649337,País_B,País_B,USD,Banco X
808a8799-216b-4aa5-8a68-daa2cbedc17a,901.9,2025-03-01 00:15:00,Compra,fallida,Ciudad_45,33793816,26794672,País_A,País_A,EUR,Banco Z
0c2de6dc-50b5-4aac-bc0c-4d1c7effafc5,527.45,2025-03-01 00:15:00,Retiro,pendiente,Ciudad_77,82098194,73590523,País_B,País_A,EUR,Banco Y
cc535f46-6277-4c93-8c8c-0a32fd049afc,363.73,2025-03-01 00:15:00,Transferencia,pendiente,Ciudad_7,86341478,74770569,País_B,País_A,USD,Banco Z
c419d25f-b884-4157-90aa-21896d2d44f9,174.01,2025-03-01 00:15:00,Compra,pendiente,Ciudad_56,75300022,48254185,País_A,País_B,EUR,Banco X
3015a626-b235-4150-9420-601ff4fa70d2,728.14,2025-03-01 00:15:00,Transferencia,exitosa,Ciudad_8,66954759,23534420,País_B,País_B,EUR,Banco Z
9a5cb639-661f-47ed-833b-8d72bdb3172a,696.98,2025-03-01 00:15:00,Transferencia,fallida,Ciudad_46,95667019,43932561,País_B,País_B,EUR,Banco X
e27f7f9d-4119-4aa7-9b56-4433c16af63d,277.49,2025-03-01 00:15:00,Retiro,pendiente,Ciudad_81,16212209,46317603,País_A,País_B,MXN,Banco Y
46d09ac7-7a7f-49c0-813d-6180c682896d,887.97,2025-03-01 00:15:00,Retiro,pendiente,Ciudad_17,63854223,15096521,País_A,País_A,MXN,Banco Y
9879e1f0-1094-4f03-9563-2b5bf97fec66,875.42,2025-03-01 00:15:00,Compra,fallida,Ciudad_40,54697415,82163359,País_A,País_A,USD,Banco X
05b3256b-15e5-4206-80bb-a9e58e24f4e5,140.76,2025-03-01 00:15:00,Transferencia,pendiente,Ciudad_46,81926782,38223384,País_B,País_B,USD,Banco X
7a17abe3-1fe9-4939-a84f-229d949868b9,65.08,2025-03-01 00:15:00,Transferencia,fallida,Ciudad_85,39496882,84507004,País_B,País_A,USD,Banco X
2d7263dd-49e5-4ead-96f4-2ff2a94d7ba6,545.42,2025-03-01 00:15:00,Retiro,exitosa,Ciudad_49,97964387,15087024,País_A,País_B,EUR,Banco Z
1048a67c-ecd3-4c8f-abd4-49449fd7f7fc,461.82,2025-03-01 00:15:00,Compra,fallida,Ciudad_83,14827020,49085252,País_B,País_A,USD,Banco Y
585e0651-62a3-4f73-9ec4-4f27fab574a1,250.83,2025-03-01 00:15:00,Retiro,exitosa,Ciudad_35,29257129,14316700,País_B,País_B,USD,Banco X
30e9e8b8-946c-4841-aefd-3de855e15191,93.86,2025-03-01 00:15:00,Retiro,fallida,Ciudad_90,99317135,78454722,País_A,País_A,EUR,Banco Y
7afa24fd-74d6-47cf-a959-eaa0af109a37,900.13,2025-03-01 00:15:00,Retiro,fallida,Ciudad_93,48556910,55460045,País_A,País_B,EUR,Banco Z
db1431ff-1e32-4441-b1a3-0a0eb05f524d,457.56,2025-03-01 00:15:00,Compra,exitosa,Ciudad_54,57895053,33192872,País_B,País_A,EUR,Banco Y
c066173e-8109-4a31-a750-50d8bac50fef,796.29,2025-03-01 00:15:00,Retiro,exitosa,Ciudad_84,96678794,54744365,País_A,País_A,EUR,Banco Y
c1af52cf-ef04-4518-a0fa-4f3d79bcd136,918.06,2025-03-01 00:15:00,Retiro,pendiente,Ciudad_44,58124113,43464556,País_B,País_B,USD,Banco Z
4e1c88cd-34b7-4b75-a185-e095cddf8b5f,160.33,2025-03-01 00:15:00,Transferencia,fallida,Ciudad_91,25842271,16265822,País_A,País_A,USD,Banco Y
2fa91da0-2402-466f-8e7e-7fb74e77580d,935.64,2025-03-01 00:15:00,Retiro,pendiente,Ciudad_7,11446799,13419256,País_A,País_B,EUR,Banco Y
2d2707d0-ecf9-4fee-9e0c-649cb82f908d,645.05,2025-03-01 00:15:00,Transferencia,pendiente,Ciudad_98,51379289,75261653,País_A,País_A,MXN,Banco X
6d73b528-0a20-4325-a2ba-471abc9d5c69,321.34,2025-03-01 00:15:00,Compra,exitosa,Ciudad_81,32863407,54974444,País_B,País_A,MXN,Banco X
bb8d284b-d21d-4bb5-98f9-20dd2c8dff7c,985.69,2025-03-01 00:15:00,Compra,fallida,Ciudad_86,79487425,96618744,País_A,País_A,EUR,Banco Z
7cf66d09-171d-44ff-a786-582385d94140,724.04,2025-03-01 00:15:00,Retiro,exitosa,Ciudad_46,92828285,80654588,País_A,País_A,USD,Banco Y
563856b5-29c9-4232-bf32-1e8dbe5f91de,53.31,2025-03-01 00:15:00,Retiro,fallida,Ciudad_63,68550652,27786358,País_A,País_B,USD,Banco Z
be78abc2-bc29-47e5-aeaf-6a6f64681d6f,339.61,2025-03-01 00:15:00,Compra,fallida,Ciudad_61,86199889,91238805,País_B,País_A,MXN,Banco X
78e7f1f7-c1a2-4562-8537-e517ea8cfef1,682.56,2025-03-01 00:15:00,Retiro,exitosa,Ciudad_36,85786451,26284232,País_A,País_A,EUR,Banco Y
47237be8-ab5b-4611-b300-e161969ecf3e,11.44,2025-03-01 00:15:00,Retiro,exitosa,Ciudad_19,33504538,64302356,País_B,País_A,USD,Banco Z
7ba78797-c1c6-453d-8e7c-a5669f6f458e,338.61,2025-03-01 00:15:00,Transferencia,exitosa,Ciudad_88,89107211,83260507,País_B,País_A,MXN,Banco X
08558293-83af-47be-8563-860a802ab459,126.15,2025-03-01 00:15:00,Compra,exitosa,Ciudad_35,10583460,66285858,País_B,País_A,MXN,Banco X
fb32b75d-949e-4cb2-8f02-e2a50b48d22d,658.9,2025-03-01 00:15:00,Transferencia,fallida,Ciudad_38,68542588,50050219,País_B,País_B,EUR,Banco Z
e036d9f8-8f18-4f42-b3df-7e799ec1aeb1,202.76,2025-03-01 00:15:00,Retiro,exitosa,Ciudad_25,78592279,47362545,País_B,País_A,EUR,Banco X
bf1c096b-0651-472a-852d-bb6627fc2f0b,869.38,2025-03-01 00:15:00,Compra,pendiente,Ciudad_26,92525240,82076042,País_A,País_A,MXN,Banco Z
48fb5094-d722-4219-a592-cce6ae0e42ce,716.23,2025-03-01 00:15:00,Transferencia,exitosa,Ciudad_63,39198052,36698378,País_A,País_B,EUR,Banco X
3005139e-92d1-4082-a56d-83b0f1836b8f,454.04,2025-03-01 00:15:00,Compra,pendiente,Ciudad_9,58160719,61987235,País_A,País_A,USD,Banco Y
34bb83a3-d765-408d-9b86-657ca0ce13c3,905.89,2025-03-01 00:15:00,Retiro,pendiente,Ciudad_40,33933142,34342548,País_B,País_B,USD,Banco X
09c79a50-9b6c-4019-a473-343702266ff7,860.71,2025-03-01 00:15:00,Transferencia,fallida,Ciudad_15,86749629,26339158,País_A,País_A,MXN,Banco Y
ef93439e-0ae3-4d1e-8b24-3f063036fd10,921.17,2025-03-01 00:15:00,Compra,exitosa,Ciudad_33,66308388,36790073,País_A,País_B,MXN,Banco Z
d6692fc4-6b6f-4e02-bcb8-32381e4061fe,767.61,2025-03-01 00:15:00,Compra,pendiente,Ciudad_62,16461906,23366647,País_B,País_A,EUR,Banco Z
7d402332-53fd-4108-b385-a340623315f8,825.3,2025-03-01 00:15:00,Transferencia,pendiente,Ciudad_18,28567073,12017606,País_B,País_A,EUR,Banco Y
6cf121e5-1a00-42b3-91d8-3057346884e4,888.25,2025-03-01 00:15:00,Compra,fallida,Ciudad_94,30298947,20311149,País_A,País_B,USD,Banco Y
61fb169a-8c9b-410f-affd-a7057fee9aa6,282.86,2025-03-01 00:15:00,Retiro,exitosa,Ciudad_62,92915999,66530131,País_A,País_B,MXN,Banco Z
22b6f4ab-7c90-464c-a4ac-b05009cd3971,26.41,2025-03-01 00:15:00,Retiro,exitosa,Ciudad_82,73106638,63887876,País_A,País_A,MXN,Banco X
873f4038-414a-43a3-9581-afd5c95de98b,621.5,2025-03-01 00:15:00,Compra,exitosa,Ciudad_65,55747290,23220639,País_A,País_A,USD,Banco Z
70f825cc-c50d-46b0-bf6e-f112e6970a0f,227.75,2025-03-01 00:15:00,Transferencia,pendiente,Ciudad_4,38676656,24977999,País_B,País_A,USD,Banco Z
fdd0d5d8-b9ea-42c3-82f9-4677d1156592,865.01,2025-03-01 00:15:00,Compra,pendiente,Ciudad_34,13842333,25977678,País_A,País_A,USD,Banco X
c680b97e-d2e8-4768-bb28-7465ff4094e1,201.56,2025-03-01 00:15:00,Transferencia,pendiente,Ciudad_62,30597858,42873328,País_B,País_A,EUR,Banco Z
6754f0aa-5f2f-4415-b16d-145b4761a315,864.07,2025-03-01 00:15:00,Compra,exitosa,Ciudad_8,89335831,36103072,País_A,País_A,EUR,Banco Y
771e49b6-10d0-4aef-baf7-48b3c2150ab8,912.86,2025-03-01 00:15:00,Compra,fallida,Ciudad_11,27837094,39225512,País_B,País_B,MXN,Banco Y
fe5b06f4-f0a4-4edc-99a3-ea84cb224448,621.01,2025-03-01 00:15:00,Retiro,exitosa,Ciudad_12,50757201,71684102,País_B,País_B,EUR,Banco Z
5d8ae3e1-be3c-4bfa-bfb2-cc26fc584f1b,63.69,2025-03-01 00:15:00,Compra,fallida,Ciudad_80,15530281,38594029,País_A,País_A,MXN,Banco Y
43bb20da-b65f-436d-8f65-3d88861c017c,426.89,2025-03-01 00:15:00,Retiro,exitosa,Ciudad_86,51909909,56959640,País_A,País_A,EUR,Banco Y
bff539c0-1c24-489a-9321-4c20aa28efe9,543.84,2025-03-01 00:15:00,Compra,pendiente,Ciudad_49,79516069,41046185,País_A,País_A,USD,Banco X
c6520b55-d03f-42c3-ab9d-e4aca384e612,28.32,2025-03-01 00:15:00,Transferencia,exitosa,Ciudad_81,53937948,83131666,País_A,País_A,EUR,Banco Y
eff60bae-c9cc-4f08-a7a5-3d8ec3a3c47f,908.55,2025-03-01 00:15:00,Compra,exitosa,Ciudad_29,57264743,83348551,País_A,País_B,EUR,Banco Y
df574d39-3e50-417d-aa48-b94a3c6079df,236.64,2025-03-01 00:15:00,Compra,fallida,Ciudad_2,55879532,41146446,País_B,País_A,USD,Banco Y
8fa40e77-7fa2-4bc1-a4b1-ba2302c970d2,613.23,2025-03-01 00:15:00,Compra,exitosa,Ciudad_69,51590805,15184334,País_B,País_B,EUR,Banco Y
9dfc4e81-a485-4b99-9434-1d5cd3ad870c,225.41,2025-03-01 00:15:00,Retiro,fallida,Ciudad_38,73260946,15578612,País_B,País_A,MXN,Banco Y
574185c0-9ac9-48d2-a932-b4601082cf80,776.2,2025-03-01 00:15:00,Compra,pendiente,Ciudad_40,60890047,25375372,País_A,País_B,MXN,Banco Y
857d5c0a-a959-47b2-b7e8-8a757fba215e,406.23,2025-03-01 00:15:00,Retiro,fallida,Ciudad_76,49420890,82300419,País_A,País_A,USD,Banco Z
